id,chrom,strand,start,end,ptype,pam,cleavage,ofgene,ifcds,specificity,offtargets,seq
3027172,Chr2,+,3197133,3197152,NGG,GGG,3197149:3197150,BOB02G007110,CDS,99.45,5,ACTATGACCGTCCTTTCGAC
3027239,Chr2,+,3197793,3197812,NGG,AGG,3197809:3197810,BOB02G007110,CDS,99.32,5,AGTTGCTTCGTGCCTGCCTG
3027388,Chr2,-,3199824,3199843,CCN,CCG,3199826:3199827,BOB02G007110,CDS,98.98,5,GGCGTCGACTAACCAGGCGG
3027093,Chr2,+,3196241,3196260,NGG,GGG,3196257:3196258,BOB02G007110,gene,98.98,8,TAATTAGATAATAGCGCGGT
3027417,Chr2,+,3200160,3200179,NGG,CGG,3200176:3200177,BOB02G007110,CDS,98.92,9,TTCCCCTGCCACCACGGAGG
3027280,Chr2,+,3198174,3198193,NGG,GGG,3198190:3198191,BOB02G007110,CDS,98.91,5,TGGGGACAGGACTCAAAGCG
3027251,Chr2,-,3197977,3197996,CCN,CCA,3197979:3197980,BOB02G007110,CDS,98.86,5,CTATACCCTTTACCCGCAAG
3027171,Chr2,+,3197132,3197151,NGG,CGG,3197148:3197149,BOB02G007110,CDS,98.80,7,TACTATGACCGTCCTTTCGA
3027192,Chr2,-,3197393,3197412,CCN,CCA,3197395:3197396,BOB02G007110,CDS,98.55,7,TGTAACAGAACGACCTCAGA
3027281,Chr2,+,3198175,3198194,NGG,GGG,3198191:3198192,BOB02G007110,CDS,98.52,4,GGGGACAGGACTCAAAGCGG
3027123,Chr2,-,3196542,3196561,CCN,CCT,3196544:3196545,BOB02G007110,CDS,98.24,5,CCAACACACCCTACAAGCCG
3027259,Chr2,+,3198002,3198021,NGG,TGG,3198018:3198019,BOB02G007110,gene,98.08,4,CCTTAGAAGAGCCTGTTACG
3027229,Chr2,-,3197746,3197765,CCN,CCG,3197748:3197749,BOB02G007110,CDS,98.03,4,GCGAACGTGGATCCATCCCA
3027422,Chr2,-,3200206,3200225,CCN,CCG,3200208:3200209,BOB02G007110,CDS,98.00,7,GTTTCGGTGAAAGGTAATCG
3027411,Chr2,-,3200166,3200185,CCN,CCC,3200168:3200169,BOB02G007110,CDS,97.86,11,ACGCCGCCTCCGTGGTGGCA
3027170,Chr2,-,3197147,3197166,CCN,CCT,3197149:3197150,BOB02G007110,CDS,97.82,11,GCCTAATCATCCCCGTCGAA
3027327,Chr2,+,3198854,3198873,NGG,TGG,3198870:3198871,BOB02G007110,CDS,97.76,6,ACACTCCTAGGTGCATACTG
3027223,Chr2,+,3197663,3197682,NGG,AGG,3197679:3197680,BOB02G007110,CDS,97.46,9,ACTTGGCATCCTGTTCACTA
3027409,Chr2,-,3200161,3200180,CCN,CCT,3200163:3200164,BOB02G007110,CDS,97.45,9,GCCTCCGTGGTGGCAGGGGA
3027328,Chr2,+,3198858,3198877,NGG,TGG,3198874:3198875,BOB02G007110,CDS,97.39,9,TCCTAGGTGCATACTGTGGC
